_id,project_id,achievement_title,achievement_description
achievement_001,project_001,25% CTR Improvement,Achieved 25% improvement in click-through rates for product recommendations
achievement_002,project_001,Patent Filed,Filed patent for hybrid recommendation algorithm
achievement_003,project_002,92% Accuracy,Achieved 92% accuracy in customer churn prediction
achievement_004,project_002,Real-time API,Successfully deployed real-time scoring API processing 1000+ requests/second
achievement_005,project_003,80% Time Reduction,Reduced defect detection time by 80% in manufacturing process
achievement_006,project_003,Industry Award,Received industry award for innovation in quality control
achievement_007,project_004,10K Daily Conversations,Chatbot handles 10,000+ daily conversations with 85% satisfaction
achievement_008,project_004,Cost Savings,Achieved 60% reduction in customer support costs
achievement_009,project_005,1M+ Daily Transactions,Processes 1M+ transactions per day with 99.5% accuracy
achievement_010,project_005,Zero False Positives,Achieved zero false positives in fraud detection for 3 consecutive months
achievement_011,project_006,Open Source,Open-sourced the project with 500+ GitHub stars
achievement_012,project_007,50K+ Users,Dashboard used by 50,000+ users during COVID-19 pandemic
achievement_013,project_008,85% Prediction Accuracy,Achieved 85% accuracy in stock price prediction 